Workbook

Sheet kosztorys
B2: Kosztorys prac budowlanych/ remontowych/ wykończeniowych | J2: wer. 03
B3: Inwestor/Kredytobiorca: | I3: Rodzaj nieruchomości:
B4: Powierzchnia użytkowa [m2] | G4: Rodzaj inwestycji:
B5: Kod pocztowy: | F5: Województwo: | G5: mazowieckie | H5: Miejscowość | ulica, nr budynku lub nr działki nr lokalu (jeżeli dotyczy)
B6: Podpiwniczenie | G6: Powierzchnia zabudowy [m2] | I6: Powierzchnia całkowita
B7: Docelowy standard wykończenia | G7: =IF(EXACT($J$3,"Lokal mieszkalny"),IF(ISBLANK(E1),"Czy Twoje mieszkanie jest piętrowe? Podaj liczbę kondygnacji (poddasze ze skosami jako 0,5):","Na ilu kondygnacjach położone jest Twoje mieszkanie (poddasze jako 0,5):"),"Liczba kondygnacji nadziemnych (poddasze jako 0,5):") -> Liczba kondygnacji nadziemnych (poddasze jako 0,5): | I7: Rodzaj zabudowy:
B9: =IF(EXACT(E1,"Załącznik do Umowy"),"",IF(AND(NOT(EXACT($J$3,"Lokal mieszkalny")),EXACT($H$4,"Budowa"),$F$4>0,NOT(ISBLANK($F$6)),NOT(ISBLANK($J$7))),CONCATENATE("Przeciętny koszt wybudowania domu wynosi"," ",ROUND(Wyliczenia!Q7,-3)," zł"),IF(AND(EXACT($J$3,"Lokal mieszkalny"),EXACT($H$4,"Prace wykończeniowe"),NOT(EXACT($F$7,"Deweloperski")),$F$4>0,NOT(ISBLANK($G$5)),NOT(ISBLANK($F$7))),CONCATENATE("Przeciętny koszt prac wykończeniowych lokalu mieszkalnego wynosi"," ",_xlfn.IFNA(HLOOKUP(F7,Wyliczenia!R1:U7,7,FALSE),Wyliczenia!S7)," zł"),"")))
B10: Wnioskowany kredyt na pokrycie kosztów budowy / remontu / wykończenia[zł]
B11: 1 kolumna | G11: 5 kolumna | H11: 2 kolumna | I11: 3 kolumna | J11: 6 kolumna | K11: 4 kolumna | L11: Przed dewelopmentem potwierdźmy układ na stronie
B12: Elementy robót budowlanych | G12: Opis, uwagi (wyjaśniające koszty): np. materiał i liczba dla materiałów[m2, sztuki] | H12: Całkowity koszt elementu | I12: Aktualne zaawansowanie | J12: Opis wydatkowania środków (jeśli inny niż wykonanie prac) | K12: Aktualne zaawansowanie wg firmy zewnętrznej Różnica w stosunku do przeciętnych kosztów
H13: (zł) | I13: [%]
B14: + | C14: Przyłącza | G14: =IF(EXACT(E1,"Załącznik do Umowy"),"",IF(AND(NOT(EXACT($J$3,"Lokal mieszkalny")),EXACT(LEFT($H$4,6),"Budowa"),$F$4>0,NOT(ISBLANK($F$6)),NOT(ISBLANK($J$7)),Wyliczenia!AC24>0),CONCATENATE("Przeciętne koszty wykonania przyłączy wynoszą"," ",Wyliczenia!R24,"zł"),"")) | H14: =IF(Wyliczenia!AC24>0,Wyliczenia!AG24,"") | I14: =IF(Wyliczenia!AE24>0,Wyliczenia!AH24,"") | J14: =IF(Wyliczenia!AC24>0,Wyliczenia!AF24,"") | K14: =IF(AND(NOT(EXACT($J$3,"Lokal mieszkalny")),EXACT(LEFT($H$4,6),"Budowa"),$F$4>0,NOT(ISBLANK($F$6)),NOT(ISBLANK($J$7)),Wyliczenia!AC24>0),Wyliczenia!AJ24,"")
C15: Przyłącze wodne | K15: 0.1
C16: Przyłącze kanalizacyjne | K16: 0.5
C17: Przyłącze gazowe
C18: Przyłącze energetyczne
C19: Przyłącze inne, jakie ?
B20: + | C20: Stan zerowy | G20: =IF(EXACT(E1,"Załącznik do Umowy"),"",IF(AND(NOT(EXACT($J$3,"Lokal mieszkalny")),EXACT(LEFT($H$4,6),"Budowa"),$F$4>0,NOT(ISBLANK($F$6)),NOT(ISBLANK($J$7)),Wyliczenia!AC30>0),CONCATENATE("Przeciętne koszty wykonania stanu zerowego wynoszą"," ",Wyliczenia!R30,"zł"),"")) | H20: =IF(Wyliczenia!AC30>0,Wyliczenia!AG30,"") | I20: =IF(Wyliczenia!AE30>0,Wyliczenia!AH30,"") | J20: =IF(Wyliczenia!AC30>0,Wyliczenia!AF30,"") | K20: =IF(AND(NOT(EXACT($J$3,"Lokal mieszkalny")),EXACT(LEFT($H$4,6),"Budowa"),$F$4>0,NOT(ISBLANK($F$6)),NOT(ISBLANK($J$7)),Wyliczenia!AC30>0),Wyliczenia!AJ30,"")
C21: Roboty ziemne | K21: 0.1
C22: Fundamenty, ściany fundamentowe, izolacje , płyta fundamentowa
C23: Ściany podziemia (podpiwniczenie)
C24: Strop na poziomie zero, schody podziemia (podpiwniczenie)
C25: Inne……
B26: + | C26: Stan surowy | G26: =IF(EXACT(E1,"Załącznik do Umowy"),"",IF(AND(NOT(EXACT($J$3,"Lokal mieszkalny")),EXACT($H$4,"Budowa"),$F$4>0,NOT(ISBLANK($F$6)),NOT(ISBLANK($J$7)),Wyliczenia!AC36>0),CONCATENATE("Przeciętne koszty wykonania stanu surowego wynoszą"," ",Wyliczenia!R36,"zł"),"")) | H26: =IF(Wyliczenia!AC36>0,Wyliczenia!AG36,"") | I26: =IF(Wyliczenia!AE36>0,Wyliczenia!AH36,"") | J26: =IF(Wyliczenia!AC36>0,Wyliczenia!AF36,"") | K26: =IF(AND(NOT(EXACT($J$3,"Lokal mieszkalny")),EXACT(LEFT($H$4,6),"Budowa"),$F$4>0,NOT(ISBLANK($F$6)),NOT(ISBLANK($J$7)),Wyliczenia!AC36>0),Wyliczenia!AJ36,"")
C27: Ściany konstrukcyjne zewnętrzne, kominy dymowe i wentylacyjne
C28: Ściany działowe | K28: 0.79
C29: Stropy (w tym tarasy, balkony)
C30: Konstrukcja i pokrycie dachu
C31: Inne……
B32: + | C32: Stan deweloperski | G32: =IF(EXACT(E1,"Załącznik do Umowy"),"",IF(AND(NOT(EXACT($J$3,"Lokal mieszkalny")),EXACT(LEFT($H$4,6),"Budowa"),$F$4>0,NOT(ISBLANK($F$6)),NOT(ISBLANK($J$7)),Wyliczenia!AC42>0),CONCATENATE("Przeciętne koszty wykonania stanu deweloperskiego"," ",Wyliczenia!R42,"zł"),"")) | H32: =IF(Wyliczenia!AC42>0,Wyliczenia!AG42,"") | I32: =IF(Wyliczenia!AE42>0,Wyliczenia!AH42,"") | J32: =IF(Wyliczenia!AC42>0,Wyliczenia!AF42,"") | K32: =IF(AND(NOT(EXACT($J$3,"Lokal mieszkalny")),EXACT(LEFT($H$4,6),"Budowa"),$F$4>0,NOT(ISBLANK($F$6)),NOT(ISBLANK($J$7)),Wyliczenia!AC42>0),Wyliczenia!AJ42,"")
C33: Schody (konstrukcja + wykończenie)
C34: Tynki wewnętrzne (wszystkie pomieszczenia)
C35: Stolarka okienna, drzwiowa zewnętrzna
C36: Podłoża, wylewki (wszystkie pomieszczenia)
C37: Elementy ślusarsko-kowalskie (poręcze, balustrady)
C38: Elewacja - ocieplenie, tynk zewnętrzny
C39: Ocieplenie dachu
C40: Inne……
B41: + | C41: Instalacje | G41: =IF(EXACT(E1,"Załącznik do Umowy"),"",IF(AND(NOT(EXACT($J$3,"Lokal mieszkalny")),EXACT(LEFT($H$4,6),"Budowa"),$F$4>0,NOT(ISBLANK($F$6)),NOT(ISBLANK($J$7)),Wyliczenia!AC51>0),CONCATENATE("Przeciętne koszty wykonania instalacji wynoszą"," ",Wyliczenia!R51,"zł"),"")) | H41: =IF(Wyliczenia!AC51>0,Wyliczenia!AG51,"") | I41: =IF(Wyliczenia!AE51>0,Wyliczenia!AH51,"") | J41: =IF(Wyliczenia!AC51>0,Wyliczenia!AF51,"") | K41: =IF(AND(NOT(EXACT($J$3,"Lokal mieszkalny")),EXACT(LEFT($H$4,6),"Budowa"),$F$4>0,NOT(ISBLANK($F$6)),NOT(ISBLANK($J$7)),Wyliczenia!AC51>0),Wyliczenia!AJ51,"")
C42: Instalacja wodna, kanalizacyjna (biały montaż jeśli brak wykończenia "pod klucz")
C43: Instalacja energii elektrycznej
C44: Instalacja c.o.: źródło ciepła i rozprowadzenie ciepła
C45: Instalacja gazowa
C46: Instalacja OZE (fotowoltaika, panele słoneczne, wiatraki, inne)
C47: Inne instalacje…
C48: Inne instalacje…
B49: + | C49: Stan wykończeniowy "Pod klucz" | G49: =IF(EXACT(E1,"Załącznik do Umowy"),"",IF(AND(NOT(EXACT($J$3,"Lokal mieszkalny")),OR(EXACT(LEFT($H$4,6),"Budowa"),EXACT($H$4,"Prace wykończeniowe")),$F$4>0,NOT(ISBLANK($F$6)),NOT(ISBLANK($J$7)),Wyliczenia!AC59>0),CONCATENATE("Przeciętne koszty wykończenia wynoszą"," ",Wyliczenia!R59,"zł"),"")) | H49: =IF(Wyliczenia!AC59>0,Wyliczenia!AG59,"") | I49: =IF(Wyliczenia!AE59>0,Wyliczenia!AH59,"") | J49: =IF(Wyliczenia!AC59>0,Wyliczenia!AF59,"") | K49: =IF(AND(NOT(EXACT($J$3,"Lokal mieszkalny")),OR(EXACT(LEFT($H$4,6),"Budowa"),EXACT($H$4,"Prace wykończeniowe")),$F$4>0,NOT(ISBLANK($F$6)),NOT(ISBLANK($J$7)),Wyliczenia!AC59>0),Wyliczenia!AJ59,IF(AND(EXACT($J$3,"Lokal mieszkalny"),EXACT($H$4,"Prace wykończeniowe"),NOT(EXACT($F$7,"Deweloperski")),$F$4>0,NOT(ISBLANK($G$5)),NOT(ISBLANK($F$7))),(Wyliczenia!AC59-_xlfn.IFNA(HLOOKUP(F7,Wyliczenia!R1:U7,7,FALSE),Wyliczenia!S7))/_xlfn.IFNA(HLOOKUP(F7,Wyliczenia!R1:U7,7,FALSE),Wyliczenia!S7),""))
C50: Stolarka drzwiowa wewnętrzna
C51: Biały montaż (armatura łazienkowa, wc itp.)
C52: Wykończenie podłóg (gres, terakota, parkiet, panele itp.) | D52: Podłogi | E52: Podłogi | F52: Podłogi
C53: Wykończenie ściań (glazura, malowanie, tapety itp.) | D53: Glazura | E53: Glazura | F53: Glazura
C54: Zabudowa stała kuchenna | D54: Zabudowa stała kuchenna (bez AGD) | E54: Zabudowa stała kuchenna (bez AGD) | F54: Zabudowa stała kuchenna (bez AGD)
C55: Zabudowa stała pozostała (szafy wbudowane itp.) | D55: Zabudowa stała pozostała (szafy wbudowane itp.) | E55: Zabudowa stała pozostała (szafy wbudowane itp.) | F55: Zabudowa stała pozostała (szafy wbudowane itp.)
C56: Wykończenie inne - jakie… | D56: Wykończenie inne - jakie… | E56: Wykończenie inne - jakie… | F56: Wykończenie inne - jakie…
B57: + | C57: Zagospodarowanie terenu | G57: =IF(EXACT(E1,"Załącznik do Umowy"),"",IF(AND(NOT(EXACT($J$3,"Lokal mieszkalny")),EXACT(LEFT($H$4,6),"Budowa"),$F$4>0,NOT(ISBLANK($F$6)),NOT(ISBLANK($J$7)),Wyliczenia!AC67>0),CONCATENATE("Przeciętne koszty zagospodarowania terenu wynoszą"," ",IF(Wyliczenia!AC67>Wyliczenia!R67,Wyliczenia!R67,Wyliczenia!AC67),"zł"),"")) | H57: =IF(Wyliczenia!AC67>0,Wyliczenia!AG67,"") | I57: =IF(Wyliczenia!AE67>0,Wyliczenia!AH67,"") | J57: =IF(Wyliczenia!AC67>0,Wyliczenia!AF67,"") | K57: =IF(AND(NOT(EXACT($J$3,"Lokal mieszkalny")),EXACT(LEFT($H$4,6),"Budowa"),$F$4>0,NOT(ISBLANK($F$6)),NOT(ISBLANK($J$7)),Wyliczenia!AC67>0),Wyliczenia!AJ67,"")
C58: Utwardzenia terenu (kostka brukowa, płyty betonowe itp.)
C59: Ogrodzenia, bramy, furtki itp.
C60: Instalacje ogrodowe
C61: Mała architektura
C62: Prace inne……………………….
B63: + | C63: Inne prace remontowo-budowlane | H63: =IF(Wyliczenia!AC73>0,Wyliczenia!AG73,"") | I63: =IF(Wyliczenia!AE73>0,Wyliczenia!AH73,"") | J63: =IF(Wyliczenia!AC73>0,Wyliczenia!AF73,"")
C64: Inne prace remontowo-budowlane 1
C65: Inne prace remontowo-budowlane 2
C66: Inne prace remontowo-budowlane 3
C67: Inne prace remontowo-budowlane 4
C68: Inne prace remontowo-budowlane 5
C69: Inne prace remontowo-budowlane 6
B70: Cena zakupu lub aktualna wartość nieuchomości w stanie na dzień przed rozpoczęciem prac z kosztorysu | I70: =IFERROR(CONCATENATE("Do wykonania pozostało prac za: ",Wyliczenia!AF81,"zł. to jest ",ROUND((Wyliczenia!AF81/Wyliczenia!AC81*100),2),"%"),"")
G71: Ogółem koszty: | H71: =SUM(H15:H19,H21:H25,H27:H31,H33:H40,H42:H48,H50:H56,H58:H62,H64:H69) -> 0 | I71: =IFERROR(CONCATENATE("Wykonano prace za: ",Wyliczenia!AE81,"zł tj. ",ROUND((Wyliczenia!AB81*100),2),"%"),"") -> Wykonano prace za: 0zł tj. 0%
H72: Planowany wkład własny: | I72: =$H$71-$J$10 -> 0
G74: Termin zakończenia inwestycji
C75: Transze w HŻ będą na odrębnej karcie
C76: =IF(EXACT(E1,"Załącznik do Umowy"),"Transze kredytu na budowę/remont","Transze kredytu na budowę/remont proponowane przez Wnioskodawcę") -> Transze kredytu na budowę/remont proponowane przez Wnioskodawcę | F76: =IF(EXACT(E1,"Załącznik do Umowy"),"Wymagany [%] zaawansowania prac","Proponowany [%] zaawansowania prac") -> Proponowany [%] zaawansowania prac | G76: =IF(EXACT(E1,"Załącznik do Umowy"),"Wymagany wkład własny przed wypłatą transzy","Proponowany wkład własny przed wypłatą transzy") -> Proponowany wkład własny przed wypłatą transzy | H76: =IF(EXACT(E1,"Załącznik do Umowy"),"Wypłata transzy do dnia", "Proponowana data wypłaty transzy") -> Proponowana data wypłaty transzy | I76: =IF(EXACT(E1,"Załącznik do Umowy"),"Kwota wypłaty transzy","Proponowana kwota wypłaty transzy") -> Proponowana kwota wypłaty transzy
C77: 1. Transza po wykonaniu | F77: =IFERROR(IF(ISNUMBER(I77),IF(EXACT(#REF!,"Dla generalnego wykonawcy po wykonaniu prac"),(G77+I77)/$H$71,G77/$H$71),0),"") -> 0
C78: =IF(ISNUMBER(I78),"2. Transza po wykonaniu","") | F78: =IF(OR(SUM($G$77:G$78,$I$77:I77)>=$H$71,NOT(ISNUMBER(I78))),"",IF(EXACT(J77,"Dla generalnego wykonawcy po wykonaniu prac"),SUM($G$77:G78,$I$77:I78)/$H$71,SUM($G$77:G78,$I$77:I77)/$H$71))
C79: =IF(ISNUMBER(I79),"3. Transza po wykonaniu","") | F79: =IF(OR(SUM($G$77:G$78,$I$77:I78)>=$H$71,NOT(ISNUMBER(I79))),"",IF(EXACT(J79,"Dla generalnego wykonawcy po wykonaniu prac"),SUM($G$77:G79,$I$77:I79)/$H$71,SUM($G$77:G79,$I$77:I78)/$H$71))
C80: =IF(ISNUMBER(I80),"4. Transza po wykonaniu","") | F80: =IF(OR(SUM($G$77:G$78,$I$77:I79)>=$H$71,NOT(ISNUMBER(I80))),"",IF(EXACT(J80,"Dla generalnego wykonawcy po wykonaniu prac"),SUM($G$77:G80,$I$77:I80)/$H$71,SUM($G$77:G80,$I$77:I79)/$H$71))
C81: =IF(ISNUMBER(I81),"5. Transza po wykonaniu","") | F81: =IF(OR(SUM($G$77:G$78,$I$77:I80)>=$H$71,NOT(ISNUMBER(I81))),"",IF(EXACT(J81,"Dla generalnego wykonawcy po wykonaniu prac"),SUM($G$77:G81,$I$77:I81)/$H$71,SUM($G$77:G81,$I$77:I80)/$H$71))
C82: =IF(ISNUMBER(I82),"6. Transza po wykonaniu","") | F82: =IF(OR(SUM($G$77:G$78,$I$77:I81)>=$H$71,NOT(ISNUMBER(I82))),"",IF(EXACT(J82,"Dla generalnego wykonawcy po wykonaniu prac"),SUM($G$77:G82,$I$77:I82)/$H$71,SUM($G$77:G82,$I$77:I81)/$H$71))
C83: =IF(ISNUMBER(I83),"7. Transza po wykonaniu","") | F83: =IF(OR(SUM($G$77:G$78,$I$77:I82)>=$H$71,NOT(ISNUMBER(I83))),"",IF(EXACT(J83,"Dla generalnego wykonawcy po wykonaniu prac"),SUM($G$77:G83,$I$77:I83)/$H$71,SUM($G$77:G83,$I$77:I82)/$H$71))
C84: =IF(ISNUMBER(I84),"8. Transza po wykonaniu","") | F84: =IF(OR(SUM($G$77:G$78,$I$77:I83)>=$H$71,NOT(ISNUMBER(I84))),"",IF(EXACT(J84,"Dla generalnego wykonawcy po wykonaniu prac"),SUM($G$77:G84,$I$77:I84)/$H$71,SUM($G$77:G84,$I$77:I83)/$H$71))
C85: =IF(ISNUMBER(I85),"9. Transza po wykonaniu","") | F85: =IF(OR(SUM($G$77:G$78,$I$77:I84)>=$H$71,NOT(ISNUMBER(I85))),"",IF(EXACT(J85,"Dla generalnego wykonawcy po wykonaniu prac"),SUM($G$77:G85,$I$77:I85)/$H$71,SUM($G$77:G85,$I$77:I84)/$H$71))
C86: =IF(ISNUMBER(I86),"10. Transza po wykonaniu","") | F86: =IF(OR(SUM($G$77:G$78,$I$77:I85)>=$H$71,NOT(ISNUMBER(I86))),"",IF(EXACT(J86,"Dla generalnego wykonawcy po wykonaniu prac"),SUM($G$77:G86,$I$77:I86)/$H$71,SUM($G$77:G86,$I$77:I85)/$H$71))
C87: =IF(ISNUMBER(I87),"11. Transza po wykonaniu","") | F87: =IF(OR(SUM($G$77:G$78,$I$77:I86)>=$H$71,NOT(ISNUMBER(I87))),"",IF(EXACT(J87,"Dla generalnego wykonawcy po wykonaniu prac"),SUM($G$77:G87,$I$77:I87)/$H$71,SUM($G$77:G87,$I$77:I86)/$H$71))
C88: =IF(ISNUMBER(I88),"12. Transza po wykonaniu","") | F88: =IF(OR(SUM($G$77:G$78,$I$77:I87)>=$H$71,NOT(ISNUMBER(I88))),"",IF(EXACT(J88,"Dla generalnego wykonawcy po wykonaniu prac"),SUM($G$77:G88,$I$77:I88)/$H$71,SUM($G$77:G88,$I$77:I87)/$H$71))
C89: =IF(ISNUMBER(I89),"13. Transza po wykonaniu","") | F89: =IF(OR(SUM($G$77:G$78,$I$77:I88)>=$H$71,NOT(ISNUMBER(I89))),"",IF(EXACT(J89,"Dla generalnego wykonawcy po wykonaniu prac"),SUM($G$77:G89,$I$77:I89)/$H$71,SUM($G$77:G89,$I$77:I88)/$H$71))
C90: =IF(ISNUMBER(I90),"14. Transza po wykonaniu","") | F90: =IF(OR(SUM($G$77:G$78,$I$77:I89)>=$H$71,NOT(ISNUMBER(I90))),"",IF(EXACT(J90,"Dla generalnego wykonawcy po wykonaniu prac"),SUM($G$77:G90,$I$77:I90)/$H$71,SUM($G$77:G90,$I$77:I89)/$H$71))
C91: =IF(ISNUMBER(I91),"15. Transza po wykonaniu","") | F91: =IF(OR(SUM($G$77:G$78,$I$77:I90)>=$H$71,NOT(ISNUMBER(I91))),"",IF(EXACT(J91,"Dla generalnego wykonawcy po wykonaniu prac"),SUM($G$77:G91,$I$77:I91)/$H$71,SUM($G$77:G91,$I$77:I90)/$H$71))
G92: =IF(SUM(G77:G91)=$I$72,CONCATENATE("Wkład własny w koszty budowy wynosi ",SUM(G77:G91)),IF(SUM(G77:G91)>$I$72,CONCATENATE("Zmniejsz wkład własny o ",SUM(G77:G91)-$I$72),CONCATENATE("Dodaj jeszcze ",$I$72-SUM(G77:G91)," wkładu własnego"))) -> Wkład własny w koszty budowy wynosi 0 | I92: =IF(SUM(I77:I91)=$J$10,CONCATENATE("Suma transz na budowę wynosi ",$J$10),IF(SUM(I77:I91)>$J$10,CONCATENATE("Zmniejsz wysokość transz o ",SUM(I77:I91)-$J$10),CONCATENATE("Dodaj jeszcze ",$J$10-SUM(I77:I91)," w proponowanych transzach"))) -> Suma transz na budowę wynosi
C94: Data: | I94: =IF(EXACT(E1,"Załącznik nr 1 do Umowy"),"Data:","")
C95: =IF(EXACT(E1,"Załącznik nr 1 do Umowy"),"W trakcie realizacji inwestycji do aktualizacji kosztorysu w zakresie: [Aktualne zaawansowanie [%]] wystarczający jest podpis jednego z Kredytobiorców.","") | I95: =IF(EXACT(E1,"Załącznik nr 1 do Umowy"),"Podpisy w imieniu Banku:","")
C96: Twój podpis (nie dotyczy przypadku, gdy dokument będzie składany w postaci elektronicznej)

Sheet Zasady wypełniania formularza
B1: Zasady wypełniania formularza
B3: Formularz wykorzystasz do określenia prac na etapie składania wniosku kredytowego
B4: Pole formularza oznaczyliśmy kolorem | F4: białym | H4: wymaga uzupełnienia
F5: szarym | H5: nie wymaga uzupełnienia
F6: czerwonym | H6: wartość do korekty, błąd w wypełnieniu
B8: Wydruk kosztorysu: | D8: Jeśli wydrukujesz kosztorys na 2 lub więcej stronach musisz zaparafować każdą stronę
D9: i podpisać kosztorys na ostatniej stronie (wymagamy podpisów wszystkich wnioskodawców)
B11: W kosztorysie wprowadzasz prace budowlane i koszty poniesione przez Ciebie od od momentu nabycia nieruchomości
B70: *Jeżeli wnioskodawca jest jedynym właścicielem działki i nabył ze środków własnych, albo kredyt na działkę został już spłacony, to wartość działki pomniejsza wymagany wkład własny na budowę

Sheet Wyliczenia
A1: NOWY | B1: STARY | D1: Deweloperski | E1: Średni | F1: Podwyższony | G1: Wysoki | H1: piwnica | J1: wolnostojąca | K1: 0 | L1: 1 | M1: Deweloperski | N1: =D2 -> 0 | O1: =E59 -> 0.06 | P1: =$R$3*O1 -> 0 | Q1: =N1+IF($AC$24>$R$24,$R$24,$AC$24)+IF($AC$67>$R$67,$R$67,$AC$67) -> #N/A | R1: Deweloperski | S1: Średni | T1: Podwyższony | U1: Wysoki | V1: plus na kuchnię i łazienkę | AB1: Stawka podstawowa | AD1: Współczynnik regionalny
D2: =kosztorys!$F$4*Wyliczenia!$D$3 -> 0 | E2: =kosztorys!$F$4*Wyliczenia!E3+$V$2 -> 31134.6 | F2: =kosztorys!$F$4*Wyliczenia!F3+$V$2 -> 31134.6 | G2: =kosztorys!$F$4*Wyliczenia!G3+$V$2 -> 31134.6 | H2: NIE | I2: 0 | J2: bliźniacza | K2: =$R$2*S15 -> -324.319 | L2: 0.75 | M2: Średni | N2: =E2 -> 31134.6 | O2: =$S$4 -> 0.24 | P2: =$R$3*O2+$V$2 -> 31134.6 | Q2: =N2+IF($AC$24>$R$24,$R$24,$AC$24)+IF($AC$67>$R$67,$R$67,$AC$67) -> #N/A | R2: =ROUND(IF(kosztorys!$F$4=120,$AB$4,$AB$4*IF((1+(1-(kosztorys!$F$4/120))/3)>T21,T21,IF((1+(1-(kosztorys!$F$4/120))/3)<T20,T20,(1+(1-(kosztorys!$F$4/120))/3)))),2) -> 6486.38 | S2: =$R$2*S4 -> 1556.7312 | T2: =$R$2*T4 -> 843.2294 | U2: =$R$2*U4 -> 972.957 | V2: =$AB$4*V4 -> 31134.6 | AB2: 4900 | AC2: dolnośląskie | AD2: 1.014
D3: =IFERROR($R$2+VLOOKUP(kosztorys!$F$6,Wyliczenia!$H$2:$I$3,2,TRUE)+VLOOKUP(kosztorys!$J$7,Wyliczenia!$J$1:$K$4,2,FALSE)+IF(kosztorys!$H$7>=2,Wyliczenia!$I$5,0),0) -> 0 | E3: =D3+S2 -> 1556.7312 | F3: =E3+T2 -> 2399.9606 | G3: =F3+U2 -> 3372.9176 | H3: TAK | I3: =$R$2*S13 -> 389.1828 | J3: szeregowa | K3: =$R$2*S16 -> -518.9104 | L3: 0.45 | M3: Podwyższony | N3: =F2 -> 31134.6 | O3: =$S$4+$T$4 -> 0.37 | P3: =$R$3*O3+$V$2 -> 31134.6 | Q3: =N3+IF($AC$24>$R$24,$R$24,$AC$24)+IF($AC$67>$R$67,$R$67,$AC$67) -> #N/A | R3: =R2*kosztorys!F4 -> 0 | AB3: Stawka regionalna | AC3: kujawsko-pomorskie | AD3: 0.972
J4: wielorodzinny | K4: 0 | L4: 0.25 | M4: Wysoki | N4: =G2 -> 31134.6 | O4: =$O$3+$U$4 -> 0.52 | P4: =$R$3*O4+$V$2 -> 31134.6 | Q4: =N4+IF($AC$24>$R$24,$R$24,$AC$24)+IF($AC$67>$R$67,$R$67,$AC$67) -> #N/A | R4: BMJ Parametr standard | S4: 0.24 | T4: 0.13 | U4: 0.15 | V4: 6 | AB4: =AB2*_xlfn.IFNA(IF(AND(EXACT(UPPER(kosztorys!I5),"WARSZAWA"),EXACT(kosztorys!G5,"mazowieckie")),Wyliczenia!AD18,VLOOKUP(kosztorys!G5,Wyliczenia!AC2:AD18,2,FALSE)),1) -> 5189.1 | AC4: lubelskie | AD4: 0.94
H5: kondygnacje | I5: =$R$2*$S$14 -> 454.0466 | M5: Inny | N5: =E2 -> 31134.6 | O5: =O3 -> 0.37 | P5: =$R$3*O5+$V$2 -> 31134.6 | Q5: =N5+IF($AC$24>$R$24,$R$24,$AC$24)+IF($AC$67>$R$67,$R$67,$AC$67) -> #N/A | R5: LM Parametr standard | S5: 0.22 | T5: 0.13 | U5: 0.15 | V5: 5 | AC5: lubuskie | AD5: 0.963
Q6: Cała budowa | R6: LM wykończenie m2 | S6: =$R$2*S5 -> 1427.0036 | T6: =$R$2*T5 -> 843.2294 | U6: =$R$2*U5 -> 972.957 | V6: =$R$2*V5 -> 32431.9 | AC6: łódzkie | AD6: 0.96
Q7: =R82 -> #N/A | R7: 0 | S7: =ROUND(kosztorys!$F$4*Wyliczenia!S6+Wyliczenia!$V$6,-3) -> 32000 | T7: =ROUND(kosztorys!$F$4*Wyliczenia!T6+Wyliczenia!S7,-3) -> 32000 | U7: =ROUND(kosztorys!$F$4*Wyliczenia!U6+Wyliczenia!T7,-3) -> 32000 | V7: zł | AC7: małopolskie | AD7: 1.015
N8: =$N$1+S59 -> 0 | O8: =$N$1+T59 -> 0 | P8: =$N$1+U59 -> 0 | R8: LM wykończenie całość | S8: =S7/kosztorys!$F$4 -> #DIV/0! | T8: =T7/kosztorys!$F$4 -> #DIV/0! | U8: =U7/kosztorys!$F$4 -> #DIV/0! | V8: zł/m2 | AC8: mazowieckie | AD8: 1.059
N9: =N1+P2 -> 31134.6 | AC9: opolskie | AD9: 1.011
R10: Akceptowane różnice sygnały | S10: 0.15 | T10: zielony | AC10: podkarpackie | AD10: 0.993
R11: parametry | S11: -0.15 | T11: czerwony | AC11: podlaskie | AD11: 0.968
AC12: pomorskie | AD12: 1.011
R13: Piwnica | S13: 0.06 | AC13: śląskie | AD13: 1.022
N14: Tym kolorem zaznaczyłem paramerty do tabeli parametrów | R14: Kondygnacje więcej niż 2 | S14: 0.07 | AC14: świętokrzyskie | AD14: 0.961
R15: Zabudowa bliżniacza | S15: -0.05 | AC15: warmińsko-mazurskie | AD15: 0.957
R16: Zabudowa szeregowa | S16: -0.08 | AC16: wielkopolskie | AD16: 1.046
AB17: Część dla specjalisty w BANKU | AC17: zachodniopomorskie | AD17: 1.056
R18: Dom pasywny | S18: 0.2 | T18: parametr do dodania w przyszłości | AC18: Warszawa | AD18: 1.126
R20: Parametr zmiany ze względu na powierzchnię | T20: 0.8
R21: Parametr zmiany ze względu na powierzchnię | T21: 1.25
C22: "Formaty warunkowe = F" | AB22: % zaawansowania prac wykonanych
C23: Ekrany | D23: dewelop | E23: Parametr % | R23: Średnie koszty | AC23: Koszt elementu | AF23: pozostało | AG23: % sekcja | AH23: % wykonania ogółem
A24: PRZYŁĄCZA | B24: Paramert który nie jest doliczny do ceny m2 i wykracza ponad 100% | C24: =F24 -> FALSE | D24: =E24 -> 0.08 | E24: 0.08 | F24: =IF(AC24>0,TRUE,IF(OR(EXACT(LEFT(kosztorys!$H$4,6),"Budowa"),EXACT(kosztorys!$H$4,"Przebudowa/Rozbudowa/Nadbudowa")),TRUE,FALSE)) -> FALSE | R24: =ROUND($AB$4*120*D24,-3) -> 50000 | AA24: =IFERROR(AC24/kosztorys!$H$71,) -> 0 | AB24: =IFERROR(AE24/kosztorys!$H$71,) -> 0 | AC24: =SUM(kosztorys!H15:H19) -> 0 | AE24: =SUM(AE25:AE29) -> 0 | AF24: =CONCATENATE("Do wykonania prace za ",ROUND(AC24-AE24,2),"zł") -> Do wykonania prace za 0zł | AG24: =CONCATENATE($AC24,"zł to ",ROUND(AA24*100,2),"%") -> 0zł to 0% | AH24: =CONCATENATE($AE24,"zł to ",ROUND(AB24*100,2),"%") -> 0zł to 0% | AI24: =kosztorys!H14 | AJ24: =ROUND(IFERROR(((Wyliczenia!AC24-IF(AC24>R24,R24,AC24))/IF(AC24>R24,R24,AC24)),""),3) -> #VALUE! | AK24: =kosztorys!K14
A25: Przyłącze wodne | AE25: =kosztorys!H15*kosztorys!I15 -> 0 | AI25: =kosztorys!H15 -> 0 | AJ25: =kosztorys!I15 -> 0 | AK25: =kosztorys!K15 -> 0.1
A26: Przyłącze kanalizacyjne | AE26: =kosztorys!H16*kosztorys!I16 -> 0 | AI26: =kosztorys!H16 -> 0 | AJ26: =kosztorys!I16 -> 0 | AK26: =kosztorys!K16 -> 0.5
A27: Przyłącze gazowe | AE27: =kosztorys!H17*kosztorys!I17 -> 0 | AI27: =kosztorys!H17 -> 0 | AJ27: =kosztorys!I17 -> 0 | AK27: =kosztorys!K17 -> 0
A28: Przyłącze energetyczne | AE28: =kosztorys!H18*kosztorys!I18 -> 0 | AI28: =kosztorys!H18 -> 0 | AJ28: =kosztorys!I18 -> 0 | AK28: =kosztorys!K18 -> 0
A29: Przyłącze inne, jakie ? | AE29: =kosztorys!H19*kosztorys!I19 -> 0 | AI29: =kosztorys!H19 -> 0 | AJ29: =kosztorys!I19 -> 0 | AK29: =kosztorys!K19 -> 0
A30: STAN ZEROWY | B30: Parametr dla standardu Deweloperskiego | C30: =F30 -> FALSE | D30: =IF(EXACT(kosztorys!$F$6,"NIE"),E30,E30+4%) -> 0.16 | E30: 0.12 | F30: =IF(AC30>0,TRUE,IF(EXACT(kosztorys!$H$4,"Budowa"),TRUE,FALSE)) -> FALSE | R30: =ROUND($D$2*D30,-3) -> 0 | AA30: =IFERROR(AC30/kosztorys!$H$71,) -> 0 | AB30: =IFERROR(AE30/kosztorys!$H$71,) -> 0 | AC30: =SUM(kosztorys!H21:H25) -> 0 | AE30: =SUM(AE31:AE35) -> 0 | AF30: =CONCATENATE("Do wykonania prace za ",ROUND(AC30-AE30,2),"zł") -> Do wykonania prace za 0zł | AG30: =CONCATENATE($AC30,"zł to ",ROUND(AA30*100,2),"%") -> 0zł to 0% | AH30: =CONCATENATE($AE30,"zł to ",ROUND(AB30*100,2),"%") -> 0zł to 0% | AI30: =kosztorys!H20 | AJ30: =IFERROR(ROUND(((Wyliczenia!AC30-Wyliczenia!R30)/Wyliczenia!R30),3),"") | AK30: =kosztorys!K20
A31: Roboty ziemne | AE31: =kosztorys!H21*kosztorys!I21 -> 0 | AI31: =kosztorys!H21 -> 0 | AJ31: =kosztorys!I21 -> 0 | AK31: =kosztorys!K21 -> 0.1
A32: Fundamenty, ściany fundamentowe, izolacje , płyta fundamentowa | AE32: =kosztorys!H22*kosztorys!I22 -> 0 | AI32: =kosztorys!H22 -> 0 | AJ32: =kosztorys!I22 -> 0 | AK32: =kosztorys!K22 -> 0
A33: Ściany podziemia (podpiwniczenie) | AE33: =kosztorys!H23*kosztorys!I23 -> 0 | AI33: =kosztorys!H23 -> 0 | AJ33: =kosztorys!I23 -> 0 | AK33: =kosztorys!K23 -> 0
A34: Strop na poziomie zero, schody podziemia (podpiwniczenie) | AE34: =kosztorys!H24*kosztorys!I24 -> 0 | AI34: =kosztorys!H24 -> 0 | AJ34: =kosztorys!I24 -> 0 | AK34: =kosztorys!K24 -> 0
A35: Inne…… | AE35: =kosztorys!H25*kosztorys!I25 -> 0 | AI35: =kosztorys!H25 -> 0 | AJ35: =kosztorys!I25 -> 0 | AK35: =kosztorys!K25 -> 0
A36: STAN SUROWY | B36: Parametr dla standardu Deweloperskiego | C36: =OR(C30,F36) -> FALSE | D36: =IF(EXACT(kosztorys!$F$6,"NIE"),E36,E36-2%) -> 0.3 | E36: 0.32 | F36: =IF(AC36>0,TRUE,IF(EXACT(kosztorys!$H$4,"Budowa"),TRUE,FALSE)) -> FALSE | R36: =ROUND($D$2*D36,-3) -> 0 | AA36: =IFERROR(AC36/kosztorys!$H$71,) -> 0 | AB36: =IFERROR(AE36/kosztorys!$H$71,) -> 0 | AC36: =SUM(kosztorys!H27:H31) -> 0 | AE36: =SUM(AE37:AE41) -> 0 | AF36: =CONCATENATE("Do wykonania prace za ",ROUND(AC36-AE36,2),"zł") -> Do wykonania prace za 0zł | AG36: =CONCATENATE($AC36,"zł to ",ROUND(AA36*100,2),"%") -> 0zł to 0% | AH36: =CONCATENATE($AE36,"zł to ",ROUND(AB36*100,2),"%") -> 0zł to 0% | AI36: =kosztorys!H26 | AJ36: =IFERROR(ROUND(((Wyliczenia!AC36-Wyliczenia!R36)/Wyliczenia!R36),3),"") | AK36: =kosztorys!K26
A37: Ściany konstrukcyjne zewnętrzne, kominy dymowe i wentylacyjne | AE37: =kosztorys!H27*kosztorys!I27 -> 0 | AI37: =kosztorys!H27 -> 0 | AJ37: =kosztorys!I27 -> 0 | AK37: =kosztorys!K27 -> 0
A38: Ściany działowe | AE38: =kosztorys!H28*kosztorys!I28 -> 0 | AI38: =kosztorys!H28 -> 0 | AJ38: =kosztorys!I28 -> 0 | AK38: =kosztorys!K28 -> 0.79
A39: Stropy (w tym tarasy, balkony) | AE39: =kosztorys!H29*kosztorys!I29 -> 0 | AI39: =kosztorys!H29 -> 0 | AJ39: =kosztorys!I29 -> 0 | AK39: =kosztorys!K29 -> 0
A40: Konstrukcja i pokrycie dachu | AE40: =kosztorys!H30*kosztorys!I30 -> 0 | AI40: =kosztorys!H30 -> 0 | AJ40: =kosztorys!I30 -> 0 | AK40: =kosztorys!K30 -> 0
A41: Inne…… | AE41: =kosztorys!H31*kosztorys!I31 -> 0 | AI41: =kosztorys!H31 -> 0 | AJ41: =kosztorys!I31 -> 0 | AK41: =kosztorys!K31 -> 0
A42: STAN "DEWELOPERSKI" | B42: Parametr dla standardu Deweloperskiego | C42: =F42 -> FALSE | D42: =IF(EXACT(kosztorys!$F$6,"NIE"),E42,E42-2%) -> 0.3 | E42: 0.32 | F42: =IF(AC42>0,TRUE,IF(EXACT(kosztorys!$H$4,"Budowa"),TRUE,FALSE)) -> FALSE | R42: =ROUND($D$2*D42,-3) -> 0 | AA42: =IFERROR(AC42/kosztorys!$H$71,) -> 0 | AB42: =IFERROR(AE42/kosztorys!$H$71,) -> 0 | AC42: =SUM(kosztorys!H33:H40) -> 0 | AE42: =SUM(AE43:AE50) -> 0 | AF42: =CONCATENATE("Do wykonania prace za ",ROUND(AC42-AE42,2),"zł") -> Do wykonania prace za 0zł | AG42: =CONCATENATE($AC42,"zł to ",ROUND(AA42*100,2),"%") -> 0zł to 0% | AH42: =CONCATENATE($AE42,"zł to ",ROUND(AB42*100,2),"%") -> 0zł to 0% | AI42: =kosztorys!H32 | AJ42: =IFERROR(ROUND(((Wyliczenia!AC42-Wyliczenia!R42)/Wyliczenia!R42),3),"") | AK42: =kosztorys!K32
A43: Schody (konstrukcja + wykończenie) | AE43: =kosztorys!H33*kosztorys!I33 -> 0 | AI43: =kosztorys!H33 -> 0 | AJ43: =kosztorys!I33 -> 0 | AK43: =kosztorys!K33 -> 0
A44: Tynki wewnętrzne | AE44: =kosztorys!H34*kosztorys!I34 -> 0 | AI44: =kosztorys!H34 -> 0 | AJ44: =kosztorys!I34 -> 0 | AK44: =kosztorys!K34 -> 0
A45: Stolarka okienna, drzwiowa zewnętrzna | AE45: =kosztorys!H35*kosztorys!I35 -> 0 | AI45: =kosztorys!H35 -> 0 | AJ45: =kosztorys!I35 -> 0 | AK45: =kosztorys!K35 -> 0
A46: Podłoża, wylewki, szlichta posadzki | AE46: =kosztorys!H36*kosztorys!I36 -> 0 | AI46: =kosztorys!H36 -> 0 | AJ46: =kosztorys!I36 -> 0 | AK46: =kosztorys!K36 -> 0
A47: Elementy ślusarsko-kowalskie (poręcze, balustrady) | AE47: =kosztorys!H37*kosztorys!I37 -> 0 | AI47: =kosztorys!H37 -> 0 | AJ47: =kosztorys!I37 -> 0 | AK47: =kosztorys!K37 -> 0
A48: Elewacja - ocieplenie, tynk zewnętrzny | AE48: =kosztorys!H38*kosztorys!I38 -> 0 | AI48: =kosztorys!H38 -> 0 | AJ48: =kosztorys!I38 -> 0 | AK48: =kosztorys!K38 -> 0
A49: Ocieplenie dachu | AE49: =kosztorys!H39*kosztorys!I39 -> 0 | AI49: =kosztorys!H39 -> 0 | AJ49: =kosztorys!I39 -> 0 | AK49: =kosztorys!K39 -> 0
A50: Inne…… | AE50: =kosztorys!H40*kosztorys!I40 -> 0 | AI50: =kosztorys!H40 -> 0 | AJ50: =kosztorys!I40 -> 0 | AK50: =kosztorys!K40 -> 0
A51: INSTALACJE | B51: Parametr dla standardu Deweloperskiego | C51: =F51 -> FALSE | D51: =E51 -> 0.18 | E51: 0.18 | F51: =IF(AC51>0,TRUE,IF(EXACT(kosztorys!$H$4,"Budowa"),TRUE,FALSE)) -> FALSE | R51: =ROUND($D$2*D51,-3) -> 0 | AA51: =IFERROR(AC51/kosztorys!$H$71,) -> 0 | AB51: =IFERROR(AE51/kosztorys!$H$71,) -> 0 | AC51: =SUM(kosztorys!H42:H48) -> 0 | AE51: =SUM(AE52:AE58) -> 0 | AF51: =CONCATENATE("Do wykonania prace za ",ROUND(AC51-AE51,2),"zł") -> Do wykonania prace za 0zł | AG51: =CONCATENATE($AC51,"zł to ",ROUND(AA51*100,2),"%") -> 0zł to 0% | AH51: =CONCATENATE($AE51,"zł to ",ROUND(AB51*100,2),"%") -> 0zł to 0% | AI51: =kosztorys!H41 | AJ51: =IFERROR(ROUND(((Wyliczenia!AC51-Wyliczenia!R51)/Wyliczenia!R51),3),"") | AK51: =kosztorys!K41
A52: Instalacja wodna, kanalizacyjna (biały montaż jeśli brak wykończenia "pod klucz") | AE52: =kosztorys!H42*kosztorys!I42 -> 0 | AI52: =kosztorys!H42 -> 0 | AJ52: =kosztorys!I42 -> 0 | AK52: =kosztorys!K42 -> 0
A53: Instalacja energii elektrycznej | AE53: =kosztorys!H43*kosztorys!I43 -> 0 | AI53: =kosztorys!H43 -> 0 | AJ53: =kosztorys!I43 -> 0 | AK53: =kosztorys!K43 -> 0
A54: Instalacja c.o.: źródło ciepła i rozprowadzenie ciepła | AE54: =kosztorys!H44*kosztorys!I44 -> 0 | AI54: =kosztorys!H44 -> 0 | AJ54: =kosztorys!I44 -> 0 | AK54: =kosztorys!K44 -> 0
A55: Instalacja gazowa | AE55: =kosztorys!H45*kosztorys!I45 -> 0 | AI55: =kosztorys!H45 -> 0 | AJ55: =kosztorys!I45 -> 0 | AK55: =kosztorys!K45 -> 0
A56: Instalacja OZE (fotowoltaika, panele słoneczne, wiatraki, inne) | AE56: =kosztorys!H46*kosztorys!I46 -> 0 | AI56: =kosztorys!H46 -> 0 | AJ56: =kosztorys!I46 -> 0 | AK56: =kosztorys!K46 -> 0
A57: Inne instalacje | AE57: =kosztorys!H47*kosztorys!I47 -> 0 | AI57: =kosztorys!H47 -> 0 | AJ57: =kosztorys!I47 -> 0 | AK57: =kosztorys!K47 -> 0
A58: Inne instalacje | AE58: =kosztorys!H48*kosztorys!I48 -> 0 | AI58: =kosztorys!H48 -> 0 | AJ58: =kosztorys!I48 -> 0 | AK58: =kosztorys!K48 -> 0
A59: STAN WYKOŃCZENIOWY "Pod klucz" | B59: Parametr dla standardu Deweloperskiego | C59: =F59 -> FALSE | D59: =_xlfn.IFNA(VLOOKUP(kosztorys!F7,M1:O5,3,FALSE),) -> 0 | E59: 0.06 | F59: =IF(AC59>0,TRUE,IF(OR(AND(EXACT(kosztorys!$H$4,"Budowa"),NOT(EXACT(kosztorys!$F$7,"Inny")),NOT(EXACT(kosztorys!$F$7,"Deweloperski"))),EXACT(LEFT(kosztorys!$H$4,6),"Remont"),EXACT(kosztorys!$H$4,"Prace wykończeniowe")),TRUE,FALSE)) -> FALSE | R59: =ROUND(_xlfn.IFNA(VLOOKUP(kosztorys!F7,Wyliczenia!$M$2:$P$5,4,FALSE),0)+$P$1,-3) -> 0 | AA59: =IFERROR(AC59/kosztorys!$H$71,) -> 0 | AB59: =IFERROR(AE59/kosztorys!$H$71,) -> 0 | AC59: =SUM(kosztorys!H50:H56) -> 0 | AE59: =SUM(AE60:AE66) -> 0 | AF59: =CONCATENATE("Do wykonania prace za ",ROUND(AC59-AE59,2),"zł") -> Do wykonania prace za 0zł | AG59: =CONCATENATE($AC59,"zł to ",ROUND(AA59*100,2),"%") -> 0zł to 0% | AH59: =CONCATENATE($AE59,"zł to ",ROUND(AB59*100,2),"%") -> 0zł to 0% | AI59: =kosztorys!H49 | AJ59: =IFERROR(ROUND(((Wyliczenia!AC59-Wyliczenia!R59)/Wyliczenia!R59),3),"") | AK59: =kosztorys!K49
A60: Stolarka drzwiowa wewnętrzna | AE60: =kosztorys!H50*kosztorys!I50 -> 0 | AI60: =kosztorys!H50 -> 0 | AJ60: =kosztorys!I50 -> 0 | AK60: =kosztorys!K50 -> 0
A61: Biały montaż (armatura łazienkowa, wc itp.) | AE61: =kosztorys!H51*kosztorys!I51 -> 0 | AI61: =kosztorys!H51 -> 0 | AJ61: =kosztorys!I51 -> 0 | AK61: =kosztorys!K51 -> 0
A62: Wykończenie podłóg | AE62: =kosztorys!H52*kosztorys!I52 -> 0 | AI62: =kosztorys!H52 -> 0 | AJ62: =kosztorys!I52 -> 0 | AK62: =kosztorys!K52 -> 0
A63: Wykończenie ściań (glazura, malowanie, tapety itp.) | AE63: =kosztorys!H53*kosztorys!I53 -> 0 | AI63: =kosztorys!H53 -> 0 | AJ63: =kosztorys!I53 -> 0 | AK63: =kosztorys!K53 -> 0
A64: Zabudowa stała kuchenna | AE64: =kosztorys!H54*kosztorys!I54 -> 0 | AI64: =kosztorys!H54 -> 0 | AJ64: =kosztorys!I54 -> 0 | AK64: =kosztorys!K54 -> 0
A65: Zabudowa stała pozostała (szafy wbudowane itp.) | AE65: =kosztorys!H55*kosztorys!I55 -> 0 | AI65: =kosztorys!H55 -> 0 | AJ65: =kosztorys!I55 -> 0 | AK65: =kosztorys!K55 -> 0
A66: Wykończenie inne - jakie… | AE66: =kosztorys!H56*kosztorys!I56 -> 0 | AI66: =kosztorys!H56 -> 0 | AJ66: =kosztorys!I56 -> 0 | AK66: =kosztorys!K56 -> 0
A67: ZAGOSPODAROWANIE TERENU | B67: Paramert który nie jest doliczny do ceny m2 i wykracza ponad 100% | C67: =F67 -> FALSE | D67: =E67*VLOOKUP(kosztorys!J7,Wyliczenia!J1:L4,3,FALSE) -> #N/A | E67: 0.15 | F67: =IF(AC67>0,TRUE,FALSE) -> FALSE | R67: =ROUND($AB$4*120*D67,-3) -> #N/A | AA67: =IFERROR(AC67/kosztorys!$H$71,) -> 0 | AB67: =IFERROR(AE67/kosztorys!$H$71,) -> 0 | AC67: =SUM(kosztorys!H58:H62) -> 0 | AE67: =SUM(AE68:AE72) -> 0 | AF67: =CONCATENATE("Do wykonania prace za ",ROUND(AC67-AE67,2),"zł") -> Do wykonania prace za 0zł | AG67: =CONCATENATE($AC67,"zł to ",ROUND(AA67*100,2),"%") -> 0zł to 0% | AH67: =CONCATENATE($AE67,"zł to ",ROUND(AB67*100,2),"%") -> 0zł to 0% | AI67: =kosztorys!H57 | AJ67: =ROUND(IFERROR(((Wyliczenia!AC67-IF(AC67>R67,R67,AC67))/IF(AC67>R67,R67,AC67)),""),3) -> #VALUE! | AK67: =kosztorys!K57
A68: Utwardzenia terenu (kostka brukowa, płyty betonowe itp.) | AE68: =kosztorys!H58*kosztorys!I58 -> 0 | AI68: =kosztorys!H58 -> 0 | AJ68: =kosztorys!I58 -> 0 | AK68: =kosztorys!K58 -> 0
A69: Ogrodzenia, bramy, furtki itp. | AE69: =kosztorys!H59*kosztorys!I59 -> 0 | AI69: =kosztorys!H59 -> 0 | AJ69: =kosztorys!I59 -> 0 | AK69: =kosztorys!K59 -> 0
A70: Instalacje ogrodowe | AE70: =kosztorys!H60*kosztorys!I60 -> 0 | AI70: =kosztorys!H60 -> 0 | AJ70: =kosztorys!I60 -> 0 | AK70: =kosztorys!K60 -> 0
A71: Garaż wolnostojcy, mała architektura | AE71: =kosztorys!H61*kosztorys!I61 -> 0 | AI71: =kosztorys!H61 -> 0 | AJ71: =kosztorys!I61 -> 0 | AK71: =kosztorys!K61 -> 0
A72: Prace inne………………………. | AE72: =kosztorys!H62*kosztorys!I62 -> 0 | AI72: =kosztorys!H62 -> 0 | AJ72: =kosztorys!I62 -> 0 | AK72: =kosztorys!K62 -> 0
A73: INNE PRACE REMONTOWO-BUDOWLANE | C73: =F73 -> FALSE | F73: =IF(AC73>0,TRUE,IF(OR(EXACT(kosztorys!$H$4,"Budowa z generalnym wykonawcą"),EXACT(kosztorys!$H$4,"Przebudowa/Rozbudowa/Nadbudowa")),TRUE,FALSE)) -> FALSE | AA73: =IFERROR(AC73/kosztorys!$H$71,) -> 0 | AB73: =IFERROR(AE73/kosztorys!$H$71,) -> 0 | AC73: =SUM(kosztorys!H64:H69) -> 0 | AE73: =SUM(AE74:AE79) -> 0 | AF73: =CONCATENATE("Do wykonania prace za ",ROUND(AC73-AE73,2),"zł") -> Do wykonania prace za 0zł | AG73: =CONCATENATE($AC73,"zł to ",ROUND(AA73*100,2),"%") -> 0zł to 0% | AH73: =CONCATENATE($AE73,"zł to ",ROUND(AB73*100,2),"%") -> 0zł to 0% | AI73: =kosztorys!H63 | AJ73: =kosztorys!I63 | AK73: =kosztorys!K63 -> 0
A74: Inne prace remontowo-budowlane 1 | AE74: =kosztorys!H64*kosztorys!I64 -> 0 | AI74: =kosztorys!H64 -> 0 | AJ74: =kosztorys!I64 -> 0 | AK74: =kosztorys!K64 -> 0
A75: Inne prace remontowo-budowlane 2 | AE75: =kosztorys!H65*kosztorys!I65 -> 0 | AI75: =kosztorys!H65 -> 0 | AJ75: =kosztorys!I65 -> 0 | AK75: =kosztorys!K65 -> 0
A76: Inne prace remontowo-budowlane 3 | AE76: =kosztorys!H66*kosztorys!I66 -> 0 | AI76: =kosztorys!H66 -> 0 | AJ76: =kosztorys!I66 -> 0 | AK76: =kosztorys!K66 -> 0
A77: Inne prace remontowo-budowlane 4 | D77: =SUM(D24,D30,D36,D42,D51,D59,D67) -> #N/A | E77: =SUM(E30,E36,E42,E51,E59) -> 1 | F77: Parametry powinny sumować się na 100% bez przyłączy | AE77: =kosztorys!H67*kosztorys!I67 -> 0 | AI77: =kosztorys!H67 -> 0 | AJ77: =kosztorys!I67 -> 0 | AK77: =kosztorys!K67 -> 0
A78: Inne prace remontowo-budowlane 5 | AE78: =kosztorys!H68*kosztorys!I68 -> 0 | AI78: =kosztorys!H68 -> 0 | AJ78: =kosztorys!I68 -> 0 | AK78: =kosztorys!K68 -> 0
A79: Inne prace remontowo-budowlane 6 | AE79: =kosztorys!H69*kosztorys!I69 -> 0 | AI79: =kosztorys!H69 -> 0 | AJ79: =kosztorys!I69 -> 0 | AK79: =kosztorys!K69 -> 0
AI80: =kosztorys!H70 -> 0 | AJ80: =kosztorys!I70
AA81: =IFERROR(AC81/kosztorys!$H$71,) -> 0 | AB81: =IFERROR(AE81/kosztorys!$H$71,) -> 0 | AC81: =SUM(AC24,AC30,AC36,AC42,AC51,AC59,AC67,AC73) -> 0 | AE81: =SUM(AE24,AE30,AE36,AE42,AE51,AE59,AE67,AE73) -> 0 | AF81: =AC81-AE81 -> 0 | AG81: =CONCATENATE($AC81,"zł to ",ROUND(AA81*100,2),"%") -> 0zł to 0% | AH81: =CONCATENATE($AE81,"zł to ",ROUND(AB81*100,2),"%") -> 0zł to 0% | AI81: =kosztorys!H71 -> 0 | AJ81: =kosztorys!I71 -> Wykonano prace za: 0zł tj. 0%
R82: =SUM(ROUNDUP(IF($AC$24>$R$24,$R$24,$AC$24),-3),R30,R36,R42,R51,R59,ROUNDUP(IF($AC$67>$R$67,$R$67,$AC$67),-3)) -> #N/A | AI82: =kosztorys!H72 -> Planowany wkład własny: | AJ82: =kosztorys!I72 -> 0
F84: Prace wykończeniowe
F85: Remont
F86: Remont wymagający zgłoszenia lub pozwolenia nabudowę
F87: Budowa
F88: Budowa z generalnym wykonawcą
F89: Przebudowa/Rozbudowa/Nadbudowa
